location,date,vaccine,vaccinations,total_vaccinations,flag_vacunacion_general
Peru,2020-04-27,Sinopharm/Beijing,1,1,FALSE
Peru,2020-09-09,Sinopharm/Beijing,12,13,FALSE
Peru,2020-09-10,Sinopharm/Beijing,2,15,FALSE
Peru,2020-09-11,Sinopharm/Beijing,4,19,FALSE
Peru,2020-09-12,Sinopharm/Beijing,4,23,FALSE
Peru,2020-09-14,Sinopharm/Beijing,4,27,FALSE
Peru,2020-09-15,Sinopharm/Beijing,3,30,FALSE
Peru,2020-09-16,Sinopharm/Beijing,4,34,FALSE
Peru,2020-09-17,Sinopharm/Beijing,8,42,FALSE
Peru,2020-09-18,Sinopharm/Beijing,9,51,FALSE
Peru,2020-09-19,Sinopharm/Beijing,7,58,FALSE
Peru,2020-09-21,Sinopharm/Beijing,5,63,FALSE
Peru,2020-09-22,Sinopharm/Beijing,4,67,FALSE
Peru,2020-09-23,Sinopharm/Beijing,9,76,FALSE
Peru,2020-09-24,Sinopharm/Beijing,6,82,FALSE
Peru,2020-09-25,Sinopharm/Beijing,10,92,FALSE
Peru,2020-09-26,Sinopharm/Beijing,11,103,FALSE
Peru,2020-09-28,Sinopharm/Beijing,7,110,FALSE
Peru,2020-09-29,Sinopharm/Beijing,5,115,FALSE
Peru,2020-09-30,Sinopharm/Beijing,23,138,FALSE
Peru,2020-10-01,Sinopharm/Beijing,16,154,FALSE
Peru,2020-10-02,Sinopharm/Beijing,21,175,FALSE
Peru,2020-10-03,Sinopharm/Beijing,18,193,FALSE
Peru,2020-10-05,Sinopharm/Beijing,14,207,FALSE
Peru,2020-10-06,Sinopharm/Beijing,31,238,FALSE
Peru,2020-10-07,Sinopharm/Beijing,16,254,FALSE
Peru,2020-10-08,Sinopharm/Beijing,22,276,FALSE
Peru,2020-10-09,Sinopharm/Beijing,25,301,FALSE
Peru,2020-10-10,Sinopharm/Beijing,17,318,FALSE
Peru,2020-10-12,Sinopharm/Beijing,14,332,FALSE
Peru,2020-10-13,Sinopharm/Beijing,24,356,FALSE
Peru,2020-10-14,Sinopharm/Beijing,16,372,FALSE
Peru,2020-10-15,Sinopharm/Beijing,17,389,FALSE
Peru,2020-10-16,Sinopharm/Beijing,18,407,FALSE
Peru,2020-10-17,Sinopharm/Beijing,34,441,FALSE
Peru,2020-10-18,Sinopharm/Beijing,6,447,FALSE
Peru,2020-10-19,Sinopharm/Beijing,26,473,FALSE
Peru,2020-10-20,Sinopharm/Beijing,21,494,FALSE
Peru,2020-10-21,Sinopharm/Beijing,29,523,FALSE
Peru,2020-10-22,Sinopharm/Beijing,23,546,FALSE
Peru,2020-10-23,Sinopharm/Beijing,25,571,FALSE
Peru,2020-10-24,Sinopharm/Beijing,37,608,FALSE
Peru,2020-10-25,Sinopharm/Beijing,4,612,FALSE
Peru,2020-10-26,Sinopharm/Beijing,20,632,FALSE
Peru,2020-10-27,Sinopharm/Beijing,37,669,FALSE
Peru,2020-10-28,Sinopharm/Beijing,19,688,FALSE
Peru,2020-10-29,Sinopharm/Beijing,24,712,FALSE
Peru,2020-10-30,Sinopharm/Beijing,19,731,FALSE
Peru,2020-10-31,Sinopharm/Beijing,23,754,FALSE
Peru,2020-11-02,Sinopharm/Beijing,14,768,FALSE
Peru,2020-11-03,Sinopharm/Beijing,25,793,FALSE
Peru,2020-11-04,Sinopharm/Beijing,18,811,FALSE
Peru,2020-11-05,Sinopharm/Beijing,14,825,FALSE
Peru,2020-11-06,Sinopharm/Beijing,13,838,FALSE
Peru,2020-11-07,Oxford/AstraZeneca,1,1,FALSE
Peru,2020-11-07,Sinopharm/Beijing,20,858,FALSE
Peru,2020-11-08,Sinopharm/Beijing,6,864,FALSE
Peru,2020-11-09,Sinopharm/Beijing,23,887,FALSE
Peru,2020-11-10,Sinopharm/Beijing,22,909,FALSE
Peru,2020-11-11,Sinopharm/Beijing,18,927,FALSE
Peru,2020-11-12,Sinopharm/Beijing,16,943,FALSE
Peru,2020-11-13,Sinopharm/Beijing,28,971,FALSE
Peru,2020-11-14,Sinopharm/Beijing,28,999,FALSE
Peru,2020-11-15,Sinopharm/Beijing,6,1005,FALSE
Peru,2020-11-16,Sinopharm/Beijing,22,1027,FALSE
Peru,2020-11-17,Sinopharm/Beijing,18,1045,FALSE
Peru,2020-11-18,Sinopharm/Beijing,8,1053,FALSE
Peru,2020-11-19,Sinopharm/Beijing,9,1062,FALSE
Peru,2020-11-20,Oxford/AstraZeneca,1,2,FALSE
Peru,2020-11-20,Sinopharm/Beijing,15,1077,FALSE
Peru,2020-11-21,Oxford/AstraZeneca,1,3,FALSE
Peru,2020-11-21,Sinopharm/Beijing,25,1102,FALSE
Peru,2020-11-23,Sinopharm/Beijing,14,1116,FALSE
Peru,2020-11-24,Oxford/AstraZeneca,1,4,FALSE
Peru,2020-11-24,Sinopharm/Beijing,19,1135,FALSE
Peru,2020-11-25,Oxford/AstraZeneca,3,7,FALSE
Peru,2020-11-25,Sinopharm/Beijing,21,1156,FALSE
Peru,2020-11-26,Sinopharm/Beijing,21,1177,FALSE
Peru,2020-11-27,Oxford/AstraZeneca,2,9,FALSE
Peru,2020-11-27,Sinopharm/Beijing,15,1192,FALSE
Peru,2020-11-28,Sinopharm/Beijing,15,1207,FALSE
Peru,2020-11-30,Sinopharm/Beijing,20,1227,FALSE
Peru,2020-12-01,Sinopharm/Beijing,18,1245,FALSE
Peru,2020-12-02,Oxford/AstraZeneca,2,11,FALSE
Peru,2020-12-02,Sinopharm/Beijing,19,1264,FALSE
Peru,2020-12-03,Sinopharm/Beijing,15,1279,FALSE
Peru,2020-12-04,Oxford/AstraZeneca,1,12,FALSE
Peru,2020-12-04,Sinopharm/Beijing,9,1288,FALSE
Peru,2020-12-05,Sinopharm/Beijing,23,1311,FALSE
Peru,2020-12-07,Oxford/AstraZeneca,1,13,FALSE
Peru,2020-12-07,Sinopharm/Beijing,14,1325,FALSE
Peru,2020-12-09,Oxford/AstraZeneca,1,14,FALSE
Peru,2020-12-09,Sinopharm/Beijing,15,1340,FALSE
Peru,2020-12-10,Oxford/AstraZeneca,1,15,FALSE
Peru,2020-12-10,Sinopharm/Beijing,17,1357,FALSE
Peru,2020-12-11,Oxford/AstraZeneca,2,17,FALSE
Peru,2020-12-11,Sinopharm/Beijing,23,1380,FALSE
Peru,2020-12-14,Oxford/AstraZeneca,1,18,FALSE
Peru,2020-12-15,Oxford/AstraZeneca,2,20,FALSE
Peru,2020-12-16,Oxford/AstraZeneca,1,21,FALSE
Peru,2020-12-16,Sinopharm/Beijing,6,1386,FALSE
Peru,2020-12-17,Oxford/AstraZeneca,3,24,FALSE
Peru,2020-12-17,Sinopharm/Beijing,21,1407,FALSE
Peru,2020-12-18,Sinopharm/Beijing,27,1434,FALSE
Peru,2020-12-19,Oxford/AstraZeneca,2,26,FALSE
Peru,2020-12-19,Sinopharm/Beijing,30,1464,FALSE
Peru,2020-12-20,Oxford/AstraZeneca,1,27,FALSE
Peru,2020-12-21,Oxford/AstraZeneca,2,29,FALSE
Peru,2020-12-21,Sinopharm/Beijing,15,1479,FALSE
Peru,2020-12-22,Oxford/AstraZeneca,3,32,FALSE
Peru,2020-12-22,Sinopharm/Beijing,12,1491,FALSE
Peru,2020-12-23,Oxford/AstraZeneca,2,34,FALSE
Peru,2020-12-23,Sinopharm/Beijing,14,1505,FALSE
Peru,2020-12-24,Oxford/AstraZeneca,1,35,FALSE
Peru,2020-12-24,Sinopharm/Beijing,1,1506,FALSE
Peru,2020-12-26,Oxford/AstraZeneca,7,42,FALSE
Peru,2020-12-26,Sinopharm/Beijing,23,1529,FALSE
Peru,2020-12-28,Oxford/AstraZeneca,1,43,FALSE
Peru,2020-12-28,Sinopharm/Beijing,15,1544,FALSE
Peru,2020-12-29,Oxford/AstraZeneca,4,47,FALSE
Peru,2020-12-29,Sinopharm/Beijing,2,1546,FALSE
Peru,2020-12-30,Oxford/AstraZeneca,1,48,FALSE
Peru,2020-12-30,Sinopharm/Beijing,9,1555,FALSE
Peru,2021-01-02,Oxford/AstraZeneca,1,49,FALSE
Peru,2021-01-02,Sinopharm/Beijing,15,1570,FALSE
Peru,2021-01-04,Oxford/AstraZeneca,2,51,FALSE
Peru,2021-01-04,Sinopharm/Beijing,8,1578,FALSE
Peru,2021-01-05,Oxford/AstraZeneca,1,52,FALSE
Peru,2021-01-05,Sinopharm/Beijing,7,1585,FALSE
Peru,2021-01-06,Sinopharm/Beijing,5,1590,FALSE
Peru,2021-01-07,Oxford/AstraZeneca,1,53,FALSE
Peru,2021-01-07,Sinopharm/Beijing,2,1592,FALSE
Peru,2021-01-08,Oxford/AstraZeneca,1,54,FALSE
Peru,2021-01-08,Sinopharm/Beijing,8,1600,FALSE
Peru,2021-01-09,Oxford/AstraZeneca,2,56,FALSE
Peru,2021-01-09,Sinopharm/Beijing,12,1612,FALSE
Peru,2021-01-10,Sinopharm/Beijing,1,1613,FALSE
Peru,2021-01-11,Sinopharm/Beijing,2,1615,FALSE
Peru,2021-01-12,Sinopharm/Beijing,14,1629,FALSE
Peru,2021-01-13,Oxford/AstraZeneca,1,57,FALSE
Peru,2021-01-13,Sinopharm/Beijing,8,1637,FALSE
Peru,2021-01-14,Oxford/AstraZeneca,1,58,FALSE
Peru,2021-01-14,Sinopharm/Beijing,7,1644,FALSE
Peru,2021-01-15,Oxford/AstraZeneca,2,60,FALSE
Peru,2021-01-15,Sinopharm/Beijing,14,1658,FALSE
Peru,2021-01-16,Pfizer/BioNTech,1,1,FALSE
Peru,2021-01-16,Sinopharm/Beijing,9,1667,FALSE
Peru,2021-01-17,Oxford/AstraZeneca,2,62,FALSE
Peru,2021-01-18,Oxford/AstraZeneca,2,64,FALSE
Peru,2021-01-18,Sinopharm/Beijing,6,1673,FALSE
Peru,2021-01-19,Oxford/AstraZeneca,1,65,FALSE
Peru,2021-01-19,Sinopharm/Beijing,6,1679,FALSE
Peru,2021-01-20,Oxford/AstraZeneca,2,67,FALSE
Peru,2021-01-20,Sinopharm/Beijing,3,1682,FALSE
Peru,2021-01-21,Oxford/AstraZeneca,1,68,FALSE
Peru,2021-01-21,Sinopharm/Beijing,4,1686,FALSE
Peru,2021-01-22,Sinopharm/Beijing,1,1687,FALSE
Peru,2021-01-23,Oxford/AstraZeneca,1,69,FALSE
Peru,2021-01-23,Sinopharm/Beijing,2,1689,FALSE
Peru,2021-01-24,Oxford/AstraZeneca,4,73,FALSE
Peru,2021-01-25,Oxford/AstraZeneca,2,75,FALSE
Peru,2021-01-25,Sinopharm/Beijing,1,1690,FALSE
Peru,2021-01-27,Oxford/AstraZeneca,1,76,FALSE
Peru,2021-01-27,Sinopharm/Beijing,1,1691,FALSE
Peru,2021-01-28,Oxford/AstraZeneca,2,78,FALSE
Peru,2021-01-28,Sinopharm/Beijing,3,1694,FALSE
Peru,2021-01-29,Oxford/AstraZeneca,1,79,FALSE
Peru,2021-01-29,Sinopharm/Beijing,1,1695,FALSE
Peru,2021-01-30,Sinopharm/Beijing,2,1697,FALSE
Peru,2021-02-01,Sinopharm/Beijing,1,1698,FALSE
Peru,2021-02-02,Sinopharm/Beijing,8,1706,FALSE
Peru,2021-02-03,Sinopharm/Beijing,11,1717,FALSE
Peru,2021-02-04,Sinopharm/Beijing,8,1725,FALSE
Peru,2021-02-05,Sinopharm/Beijing,7,1732,FALSE
Peru,2021-02-06,Sinopharm/Beijing,4,1736,FALSE
Peru,2021-02-07,Sinopharm/Beijing,3,1739,FALSE
Peru,2021-02-08,Pfizer/BioNTech,1,2,FALSE
Peru,2021-02-08,Sinopharm/Beijing,7,7,TRUE
Peru,2021-02-09,Sinopharm/Beijing,3848,3855,TRUE
Peru,2021-02-10,Sinopharm/Beijing,16598,20453,TRUE
Peru,2021-02-11,Pfizer/BioNTech,3,5,FALSE
Peru,2021-02-11,Sinopharm/Beijing,34127,54580,TRUE
Peru,2021-02-12,Pfizer/BioNTech,2,7,FALSE
Peru,2021-02-12,Sinopharm/Beijing,32377,86957,TRUE
Peru,2021-02-13,Pfizer/BioNTech,1,8,FALSE
Peru,2021-02-13,Sinopharm/Beijing,18870,105827,TRUE
Peru,2021-02-14,Pfizer/BioNTech,71,79,FALSE
Peru,2021-02-14,Sinopharm/Beijing,5300,111127,TRUE
Peru,2021-02-15,Pfizer/BioNTech,4,83,FALSE
Peru,2021-02-15,Sinopharm/Beijing,11486,122613,TRUE
Peru,2021-02-16,Pfizer/BioNTech,20,103,FALSE
Peru,2021-02-16,Sinopharm/Beijing,7520,130133,TRUE
Peru,2021-02-17,Pfizer/BioNTech,3,106,FALSE
Peru,2021-02-17,Sinopharm/Beijing,3951,134084,TRUE
Peru,2021-02-18,Sinopharm/Beijing,7403,141487,TRUE
Peru,2021-02-19,Pfizer/BioNTech,1,107,FALSE
Peru,2021-02-19,Sinopharm/Beijing,30526,172013,TRUE
Peru,2021-02-20,Pfizer/BioNTech,4,111,FALSE
Peru,2021-02-20,Sinopharm/Beijing,26123,198136,TRUE
Peru,2021-02-21,Sinopharm/Beijing,4560,202696,TRUE
Peru,2021-02-22,Pfizer/BioNTech,8,119,FALSE
Peru,2021-02-22,Sinopharm/Beijing,30513,233209,TRUE
Peru,2021-02-23,Pfizer/BioNTech,1,120,FALSE
Peru,2021-02-23,Sinopharm/Beijing,27392,260601,TRUE
Peru,2021-02-24,Pfizer/BioNTech,24,144,FALSE
Peru,2021-02-24,Sinopharm/Beijing,22920,283521,TRUE
Peru,2021-02-25,Sinopharm/Beijing,15877,299398,TRUE
Peru,2021-02-26,Sinopharm/Beijing,15931,315329,TRUE
Peru,2021-02-27,Pfizer/BioNTech,49,193,FALSE
Peru,2021-02-27,Sinopharm/Beijing,6806,322135,TRUE
Peru,2021-02-28,Sinopharm/Beijing,997,323132,TRUE
Peru,2021-03-01,Pfizer/BioNTech,11,204,FALSE
Peru,2021-03-01,Sinopharm/Beijing,9297,332429,TRUE
Peru,2021-03-02,Pfizer/BioNTech,5,209,FALSE
Peru,2021-03-02,Sinopharm/Beijing,9251,341680,TRUE
Peru,2021-03-03,Pfizer/BioNTech,31,240,FALSE
Peru,2021-03-03,Sinopharm/Beijing,18450,360130,TRUE
Peru,2021-03-04,Pfizer/BioNTech,12,12,TRUE
Peru,2021-03-04,Sinopharm/Beijing,33120,393250,TRUE
Peru,2021-03-05,Pfizer/BioNTech,3,15,TRUE
Peru,2021-03-05,Sinopharm/Beijing,37097,430347,TRUE
Peru,2021-03-06,Pfizer/BioNTech,10,25,TRUE
Peru,2021-03-06,Sinopharm/Beijing,20170,450517,TRUE
Peru,2021-03-07,Pfizer/BioNTech,19,44,TRUE
Peru,2021-03-07,Sinopharm/Beijing,2592,453109,TRUE
Peru,2021-03-08,Pfizer/BioNTech,14693,14737,TRUE
Peru,2021-03-08,Sinopharm/Beijing,16435,469544,TRUE
Peru,2021-03-09,Pfizer/BioNTech,15711,30448,TRUE
Peru,2021-03-09,Sinopharm/Beijing,11554,481098,TRUE
Peru,2021-03-10,Pfizer/BioNTech,8814,39262,TRUE
Peru,2021-03-10,Sinopharm/Beijing,9224,490322,TRUE
Peru,2021-03-11,Pfizer/BioNTech,3843,43105,TRUE
Peru,2021-03-11,Sinopharm/Beijing,10635,500957,TRUE
Peru,2021-03-12,Pfizer/BioNTech,3841,46946,TRUE
Peru,2021-03-12,Sinopharm/Beijing,22859,523816,TRUE
Peru,2021-03-13,Pfizer/BioNTech,3284,50230,TRUE
Peru,2021-03-13,Sinopharm/Beijing,32469,556285,TRUE
Peru,2021-03-14,Pfizer/BioNTech,416,50646,TRUE
Peru,2021-03-14,Sinopharm/Beijing,3015,559300,TRUE
Peru,2021-03-15,Pfizer/BioNTech,15138,65784,TRUE
Peru,2021-03-15,Sinopharm/Beijing,32956,592256,TRUE
Peru,2021-03-16,Pfizer/BioNTech,20775,86559,TRUE
Peru,2021-03-16,Sinopharm/Beijing,26877,619133,TRUE
Peru,2021-03-17,Pfizer/BioNTech,20870,107429,TRUE
Peru,2021-03-17,Sinopharm/Beijing,26011,645144,TRUE
Peru,2021-03-18,Pfizer/BioNTech,24787,132216,TRUE
Peru,2021-03-18,Sinopharm/Beijing,18126,663270,TRUE
Peru,2021-03-19,Pfizer/BioNTech,23975,156191,TRUE
Peru,2021-03-19,Sinopharm/Beijing,17815,681085,TRUE
Peru,2021-03-20,Pfizer/BioNTech,17117,173308,TRUE
Peru,2021-03-20,Sinopharm/Beijing,7497,688582,TRUE
Peru,2021-03-21,Pfizer/BioNTech,635,173943,TRUE
Peru,2021-03-21,Sinopharm/Beijing,1092,689674,TRUE
Peru,2021-03-22,Oxford/AstraZeneca,1,80,FALSE
Peru,2021-03-22,Pfizer/BioNTech,6553,180496,TRUE
Peru,2021-03-22,Sinopharm/Beijing,10888,700562,TRUE
Peru,2021-03-23,Pfizer/BioNTech,14471,194967,TRUE
Peru,2021-03-23,Sinopharm/Beijing,10463,711025,TRUE
Peru,2021-03-24,Pfizer/BioNTech,13215,208182,TRUE
Peru,2021-03-24,Sinopharm/Beijing,8849,719874,TRUE
Peru,2021-03-25,Pfizer/BioNTech,11644,219826,TRUE
Peru,2021-03-25,Sinopharm/Beijing,6171,726045,TRUE
Peru,2021-03-26,Oxford/AstraZeneca,1,81,FALSE
Peru,2021-03-26,Pfizer/BioNTech,14664,234490,TRUE
Peru,2021-03-26,Sinopharm/Beijing,6716,732761,TRUE
Peru,2021-03-27,Pfizer/BioNTech,9779,244269,TRUE
Peru,2021-03-27,Sinopharm/Beijing,4615,737376,TRUE
Peru,2021-03-28,Pfizer/BioNTech,1860,246129,TRUE
Peru,2021-03-28,Sinopharm/Beijing,433,737809,TRUE
Peru,2021-03-29,Pfizer/BioNTech,11427,257556,TRUE
Peru,2021-03-29,Sinopharm/Beijing,6486,744295,TRUE
Peru,2021-03-30,Oxford/AstraZeneca,1,82,FALSE
Peru,2021-03-30,Pfizer/BioNTech,18685,276241,TRUE
Peru,2021-03-30,Sinopharm/Beijing,7913,752208,TRUE
Peru,2021-03-31,Pfizer/BioNTech,14573,290814,TRUE
Peru,2021-03-31,Sinopharm/Beijing,10614,762822,TRUE
Peru,2021-04-01,Oxford/AstraZeneca,2,84,FALSE
Peru,2021-04-01,Pfizer/BioNTech,3585,294399,TRUE
Peru,2021-04-01,Sinopharm/Beijing,3138,765960,TRUE
Peru,2021-04-02,Oxford/AstraZeneca,5,89,FALSE
Peru,2021-04-02,Pfizer/BioNTech,2705,297104,TRUE
Peru,2021-04-02,Sinopharm/Beijing,1237,767197,TRUE
Peru,2021-04-03,Oxford/AstraZeneca,4,93,FALSE
Peru,2021-04-03,Pfizer/BioNTech,4911,302015,TRUE
Peru,2021-04-03,Sinopharm/Beijing,3988,771185,TRUE
Peru,2021-04-04,Pfizer/BioNTech,502,302517,TRUE
Peru,2021-04-04,Sinopharm/Beijing,1092,772277,TRUE
Peru,2021-04-05,Pfizer/BioNTech,3872,306389,TRUE
Peru,2021-04-05,Sinopharm/Beijing,12664,784941,TRUE
Peru,2021-04-06,Pfizer/BioNTech,13543,319932,TRUE
Peru,2021-04-06,Sinopharm/Beijing,16880,801821,TRUE
Peru,2021-04-07,Pfizer/BioNTech,15047,334979,TRUE
Peru,2021-04-07,Sinopharm/Beijing,15819,817640,TRUE
Peru,2021-04-08,Pfizer/BioNTech,30838,365817,TRUE
Peru,2021-04-08,Sinopharm/Beijing,14963,832603,TRUE
Peru,2021-04-09,Pfizer/BioNTech,18441,384258,TRUE
Peru,2021-04-09,Sinopharm/Beijing,16685,849288,TRUE
Peru,2021-04-10,Oxford/AstraZeneca,1,94,FALSE
Peru,2021-04-10,Pfizer/BioNTech,8591,392849,TRUE
Peru,2021-04-10,Sinopharm/Beijing,4368,853656,TRUE
Peru,2021-04-11,Pfizer/BioNTech,31,392880,TRUE
Peru,2021-04-11,Sinopharm/Beijing,68,853724,TRUE
Peru,2021-04-12,Oxford/AstraZeneca,3,97,FALSE
Peru,2021-04-12,Pfizer/BioNTech,11857,404737,TRUE
Peru,2021-04-12,Sinopharm/Beijing,2280,856004,TRUE
Peru,2021-04-13,Oxford/AstraZeneca,1,98,FALSE
Peru,2021-04-13,Pfizer/BioNTech,19988,424725,TRUE
Peru,2021-04-13,Sinopharm/Beijing,2008,858012,TRUE
Peru,2021-04-14,Oxford/AstraZeneca,2,100,FALSE
Peru,2021-04-14,Pfizer/BioNTech,20842,445567,TRUE
Peru,2021-04-14,Sinopharm/Beijing,2570,860582,TRUE
Peru,2021-04-15,Oxford/AstraZeneca,2,102,FALSE
Peru,2021-04-15,Pfizer/BioNTech,21741,467308,TRUE
Peru,2021-04-15,Sinopharm/Beijing,1626,862208,TRUE
Peru,2021-04-16,Oxford/AstraZeneca,1,103,FALSE
Peru,2021-04-16,Pfizer/BioNTech,38714,506022,TRUE
Peru,2021-04-16,Sinopharm/Beijing,2858,865066,TRUE
Peru,2021-04-17,Oxford/AstraZeneca,5,108,FALSE
Peru,2021-04-17,Pfizer/BioNTech,42290,548312,TRUE
Peru,2021-04-17,Sinopharm/Beijing,1935,867001,TRUE
Peru,2021-04-18,Oxford/AstraZeneca,1,109,FALSE
Peru,2021-04-18,Pfizer/BioNTech,30928,579240,TRUE
Peru,2021-04-18,Sinopharm/Beijing,165,867166,TRUE
Peru,2021-04-19,Pfizer/BioNTech,9496,588736,TRUE
Peru,2021-04-19,Sinopharm/Beijing,1480,868646,TRUE
Peru,2021-04-20,Oxford/AstraZeneca,12,12,TRUE
Peru,2021-04-20,Pfizer/BioNTech,14013,602749,TRUE
Peru,2021-04-20,Sinopharm/Beijing,2378,871024,TRUE
Peru,2021-04-21,Pfizer/BioNTech,13701,616450,TRUE
Peru,2021-04-21,Sinopharm/Beijing,6345,877369,TRUE
Peru,2021-04-22,Oxford/AstraZeneca,963,975,TRUE
Peru,2021-04-22,Pfizer/BioNTech,7579,624029,TRUE
Peru,2021-04-22,Sinopharm/Beijing,2192,879561,TRUE
Peru,2021-04-23,Oxford/AstraZeneca,666,1641,TRUE
Peru,2021-04-23,Pfizer/BioNTech,26587,650616,TRUE
Peru,2021-04-23,Sinopharm/Beijing,1738,881299,TRUE
Peru,2021-04-24,Oxford/AstraZeneca,1161,2802,TRUE
Peru,2021-04-24,Pfizer/BioNTech,26091,676707,TRUE
Peru,2021-04-24,Sinopharm/Beijing,2886,884185,TRUE
Peru,2021-04-25,Oxford/AstraZeneca,10,2812,TRUE
Peru,2021-04-25,Pfizer/BioNTech,15101,691808,TRUE
Peru,2021-04-25,Sinopharm/Beijing,569,884754,TRUE
Peru,2021-04-26,Oxford/AstraZeneca,8551,11363,TRUE
Peru,2021-04-26,Pfizer/BioNTech,6347,698155,TRUE
Peru,2021-04-26,Sinopharm/Beijing,4970,889724,TRUE
Peru,2021-04-27,Oxford/AstraZeneca,12226,23589,TRUE
Peru,2021-04-27,Pfizer/BioNTech,6747,704902,TRUE
Peru,2021-04-27,Sinopharm/Beijing,11553,901277,TRUE
Peru,2021-04-28,Oxford/AstraZeneca,17380,40969,TRUE
Peru,2021-04-28,Pfizer/BioNTech,20552,725454,TRUE
Peru,2021-04-28,Sinopharm/Beijing,13411,914688,TRUE
Peru,2021-04-29,Oxford/AstraZeneca,21294,62263,TRUE
Peru,2021-04-29,Pfizer/BioNTech,21981,747435,TRUE
Peru,2021-04-29,Sinopharm/Beijing,14323,929011,TRUE
Peru,2021-04-30,Oxford/AstraZeneca,19533,81796,TRUE
Peru,2021-04-30,Pfizer/BioNTech,62013,809448,TRUE
Peru,2021-04-30,Sinopharm/Beijing,17945,946956,TRUE
Peru,2021-05-01,Oxford/AstraZeneca,6679,88475,TRUE
Peru,2021-05-01,Pfizer/BioNTech,56793,866241,TRUE
Peru,2021-05-01,Sinopharm/Beijing,2539,949495,TRUE
Peru,2021-05-02,Oxford/AstraZeneca,1994,90469,TRUE
Peru,2021-05-02,Pfizer/BioNTech,45269,911510,TRUE
Peru,2021-05-02,Sinopharm/Beijing,1734,951229,TRUE
Peru,2021-05-03,Oxford/AstraZeneca,11224,101693,TRUE
Peru,2021-05-03,Pfizer/BioNTech,49266,960776,TRUE
Peru,2021-05-03,Sinopharm/Beijing,3787,955016,TRUE
Peru,2021-05-04,Oxford/AstraZeneca,9346,111039,TRUE
Peru,2021-05-04,Pfizer/BioNTech,13913,974689,TRUE
Peru,2021-05-04,Sinopharm/Beijing,1123,956139,TRUE
Peru,2021-05-05,Oxford/AstraZeneca,9373,120412,TRUE
Peru,2021-05-05,Pfizer/BioNTech,12415,987104,TRUE
Peru,2021-05-05,Sinopharm/Beijing,3222,959361,TRUE
Peru,2021-05-06,Oxford/AstraZeneca,8941,129353,TRUE
Peru,2021-05-06,Pfizer/BioNTech,30895,1017999,TRUE
Peru,2021-05-06,Sinopharm/Beijing,1454,960815,TRUE
Peru,2021-05-07,Oxford/AstraZeneca,8508,137861,TRUE
Peru,2021-05-07,Pfizer/BioNTech,39089,1057088,TRUE
Peru,2021-05-07,Sinopharm/Beijing,721,961536,TRUE
Peru,2021-05-08,Oxford/AstraZeneca,4397,142258,TRUE
Peru,2021-05-08,Pfizer/BioNTech,79219,1136307,TRUE
Peru,2021-05-08,Sinopharm/Beijing,223,961759,TRUE
Peru,2021-05-09,Oxford/AstraZeneca,667,142925,TRUE
Peru,2021-05-09,Pfizer/BioNTech,57996,1194303,TRUE
Peru,2021-05-09,Sinopharm/Beijing,11,961770,TRUE
Peru,2021-05-10,Oxford/AstraZeneca,4142,147067,TRUE
Peru,2021-05-10,Pfizer/BioNTech,51428,1245731,TRUE
Peru,2021-05-10,Sinopharm/Beijing,932,962702,TRUE
Peru,2021-05-11,Oxford/AstraZeneca,5475,152542,TRUE
Peru,2021-05-11,Pfizer/BioNTech,49176,1294907,TRUE
Peru,2021-05-11,Sinopharm/Beijing,688,963390,TRUE
Peru,2021-05-12,Oxford/AstraZeneca,12571,165113,TRUE
Peru,2021-05-12,Pfizer/BioNTech,55069,1349976,TRUE
Peru,2021-05-12,Sinopharm/Beijing,1372,964762,TRUE
Peru,2021-05-13,Oxford/AstraZeneca,12237,177350,TRUE
Peru,2021-05-13,Pfizer/BioNTech,68594,1418570,TRUE
Peru,2021-05-13,Sinopharm/Beijing,1016,965778,TRUE
Peru,2021-05-14,Oxford/AstraZeneca,12567,189917,TRUE
Peru,2021-05-14,Pfizer/BioNTech,95412,1513982,TRUE
Peru,2021-05-14,Sinopharm/Beijing,928,966706,TRUE
Peru,2021-05-15,Oxford/AstraZeneca,7311,197228,TRUE
Peru,2021-05-15,Pfizer/BioNTech,66925,1580907,TRUE
Peru,2021-05-15,Sinopharm/Beijing,733,967439,TRUE
Peru,2021-05-16,Oxford/AstraZeneca,2646,199874,TRUE
Peru,2021-05-16,Pfizer/BioNTech,35495,1616402,TRUE
Peru,2021-05-16,Sinopharm/Beijing,9,967448,TRUE
Peru,2021-05-17,Oxford/AstraZeneca,6307,206181,TRUE
Peru,2021-05-17,Pfizer/BioNTech,52866,1669268,TRUE
Peru,2021-05-17,Sinopharm/Beijing,272,967720,TRUE
Peru,2021-05-18,Oxford/AstraZeneca,4996,211177,TRUE
Peru,2021-05-18,Pfizer/BioNTech,63968,1733236,TRUE
Peru,2021-05-18,Sinopharm/Beijing,472,968192,TRUE
Peru,2021-05-19,Oxford/AstraZeneca,5281,216458,TRUE
Peru,2021-05-19,Pfizer/BioNTech,73183,1806419,TRUE
Peru,2021-05-19,Sinopharm/Beijing,2244,970436,TRUE
Peru,2021-05-20,Oxford/AstraZeneca,3567,220025,TRUE
Peru,2021-05-20,Pfizer/BioNTech,81343,1887762,TRUE
Peru,2021-05-20,Sinopharm/Beijing,1828,972264,TRUE
Peru,2021-05-21,Oxford/AstraZeneca,6346,226371,TRUE
Peru,2021-05-21,Pfizer/BioNTech,154839,2042601,TRUE
Peru,2021-05-21,Sinopharm/Beijing,1488,973752,TRUE
Peru,2021-05-22,Oxford/AstraZeneca,4349,230720,TRUE
Peru,2021-05-22,Pfizer/BioNTech,125450,2168051,TRUE
Peru,2021-05-22,Sinopharm/Beijing,1921,975673,TRUE
Peru,2021-05-23,Oxford/AstraZeneca,1787,232507,TRUE
Peru,2021-05-23,Pfizer/BioNTech,84782,2252833,TRUE
Peru,2021-05-23,Sinopharm/Beijing,746,976419,TRUE
Peru,2021-05-24,Oxford/AstraZeneca,5818,238325,TRUE
Peru,2021-05-24,Pfizer/BioNTech,115575,2368408,TRUE
Peru,2021-05-24,Sinopharm/Beijing,519,976938,TRUE
Peru,2021-05-25,Oxford/AstraZeneca,4818,243143,TRUE
Peru,2021-05-25,Pfizer/BioNTech,94960,2463368,TRUE
Peru,2021-05-25,Sinopharm/Beijing,1584,978522,TRUE
Peru,2021-05-26,Oxford/AstraZeneca,4222,247365,TRUE
Peru,2021-05-26,Pfizer/BioNTech,89960,2553328,TRUE
Peru,2021-05-26,Sinopharm/Beijing,1745,980267,TRUE
Peru,2021-05-27,Oxford/AstraZeneca,3386,250751,TRUE
Peru,2021-05-27,Pfizer/BioNTech,112244,2665572,TRUE
Peru,2021-05-27,Sinopharm/Beijing,1787,982054,TRUE
Peru,2021-05-28,Oxford/AstraZeneca,6324,257075,TRUE
Peru,2021-05-28,Pfizer/BioNTech,145427,2810999,TRUE
Peru,2021-05-28,Sinopharm/Beijing,731,982785,TRUE
Peru,2021-05-29,Oxford/AstraZeneca,2869,259944,TRUE
Peru,2021-05-29,Pfizer/BioNTech,127860,2938859,TRUE
Peru,2021-05-29,Sinopharm/Beijing,589,983374,TRUE
Peru,2021-05-30,Oxford/AstraZeneca,667,260611,TRUE
Peru,2021-05-30,Pfizer/BioNTech,64673,3003532,TRUE
Peru,2021-05-30,Sinopharm/Beijing,17,983391,TRUE
Peru,2021-05-31,Oxford/AstraZeneca,1472,262083,TRUE
Peru,2021-05-31,Pfizer/BioNTech,109498,3113030,TRUE
Peru,2021-05-31,Sinopharm/Beijing,1330,984721,TRUE
Peru,2021-06-01,Oxford/AstraZeneca,1482,263565,TRUE
Peru,2021-06-01,Pfizer/BioNTech,111432,3224462,TRUE
Peru,2021-06-01,Sinopharm/Beijing,733,985454,TRUE
Peru,2021-06-02,Oxford/AstraZeneca,2330,265895,TRUE
Peru,2021-06-02,Pfizer/BioNTech,111541,3336003,TRUE
Peru,2021-06-02,Sinopharm/Beijing,832,986286,TRUE
Peru,2021-06-03,Oxford/AstraZeneca,2643,268538,TRUE
Peru,2021-06-03,Pfizer/BioNTech,61986,3397989,TRUE
Peru,2021-06-03,Sinopharm/Beijing,939,987225,TRUE
Peru,2021-06-04,Oxford/AstraZeneca,2033,270571,TRUE
Peru,2021-06-04,Pfizer/BioNTech,34756,3432745,TRUE
Peru,2021-06-04,Sinopharm/Beijing,891,988116,TRUE
Peru,2021-06-05,Oxford/AstraZeneca,542,271113,TRUE
Peru,2021-06-05,Pfizer/BioNTech,20132,3452877,TRUE
Peru,2021-06-05,Sinopharm/Beijing,535,988651,TRUE
Peru,2021-06-06,Oxford/AstraZeneca,143,271256,TRUE
Peru,2021-06-06,Pfizer/BioNTech,1966,3454843,TRUE
Peru,2021-06-06,Sinopharm/Beijing,27,988678,TRUE
Peru,2021-06-07,Oxford/AstraZeneca,1093,272349,TRUE
Peru,2021-06-07,Pfizer/BioNTech,29977,3484820,TRUE
Peru,2021-06-07,Sinopharm/Beijing,273,988951,TRUE
Peru,2021-06-08,Oxford/AstraZeneca,21783,294132,TRUE
Peru,2021-06-08,Pfizer/BioNTech,196146,3680966,TRUE
Peru,2021-06-08,Sinopharm/Beijing,215,989166,TRUE
Peru,2021-06-09,Oxford/AstraZeneca,28139,322271,TRUE
Peru,2021-06-09,Pfizer/BioNTech,178916,3859882,TRUE
Peru,2021-06-09,Sinopharm/Beijing,270,989436,TRUE
Peru,2021-06-10,Oxford/AstraZeneca,40860,363131,TRUE
Peru,2021-06-10,Pfizer/BioNTech,189473,4049355,TRUE
Peru,2021-06-10,Sinopharm/Beijing,799,990235,TRUE
Peru,2021-06-11,Oxford/AstraZeneca,37575,400706,TRUE
Peru,2021-06-11,Pfizer/BioNTech,187135,4236490,TRUE
Peru,2021-06-11,Sinopharm/Beijing,1229,991464,TRUE
Peru,2021-06-12,Oxford/AstraZeneca,24830,425536,TRUE
Peru,2021-06-12,Pfizer/BioNTech,139568,4376058,TRUE
Peru,2021-06-12,Sinopharm/Beijing,177,991641,TRUE
Peru,2021-06-13,Oxford/AstraZeneca,10508,436044,TRUE
Peru,2021-06-13,Pfizer/BioNTech,73107,4449165,TRUE
Peru,2021-06-13,Sinopharm/Beijing,627,992268,TRUE
Peru,2021-06-14,Oxford/AstraZeneca,23436,459480,TRUE
Peru,2021-06-14,Pfizer/BioNTech,85435,4534600,TRUE
Peru,2021-06-14,Sinopharm/Beijing,6115,998383,TRUE
Peru,2021-06-15,Oxford/AstraZeneca,18179,477659,TRUE
Peru,2021-06-15,Pfizer/BioNTech,95185,4629785,TRUE
Peru,2021-06-15,Sinopharm/Beijing,18053,1016436,TRUE
Peru,2021-06-16,Oxford/AstraZeneca,14660,492319,TRUE
Peru,2021-06-16,Pfizer/BioNTech,91113,4720898,TRUE
Peru,2021-06-16,Sinopharm/Beijing,9418,1025854,TRUE
Peru,2021-06-17,Oxford/AstraZeneca,13304,505623,TRUE
Peru,2021-06-17,Pfizer/BioNTech,123165,4844063,TRUE
Peru,2021-06-17,Sinopharm/Beijing,4765,1030619,TRUE
Peru,2021-06-18,Oxford/AstraZeneca,12254,517877,TRUE
Peru,2021-06-18,Pfizer/BioNTech,157416,5001479,TRUE
Peru,2021-06-18,Sinopharm/Beijing,5296,1035915,TRUE
Peru,2021-06-19,Oxford/AstraZeneca,7081,524958,TRUE
Peru,2021-06-19,Pfizer/BioNTech,102756,5104235,TRUE
Peru,2021-06-19,Sinopharm/Beijing,4798,1040713,TRUE
Peru,2021-06-20,Oxford/AstraZeneca,1279,526237,TRUE
Peru,2021-06-20,Pfizer/BioNTech,31041,5135276,TRUE
Peru,2021-06-20,Sinopharm/Beijing,1073,1041786,TRUE
Peru,2021-06-21,Oxford/AstraZeneca,7383,533620,TRUE
Peru,2021-06-21,Pfizer/BioNTech,95528,5230804,TRUE
Peru,2021-06-21,Sinopharm/Beijing,10158,1051944,TRUE
Peru,2021-06-22,Oxford/AstraZeneca,11451,545071,TRUE
Peru,2021-06-22,Pfizer/BioNTech,119606,5350410,TRUE
Peru,2021-06-22,Sinopharm/Beijing,10854,1062798,TRUE
Peru,2021-06-23,Oxford/AstraZeneca,8719,553790,TRUE
Peru,2021-06-23,Pfizer/BioNTech,109927,5460337,TRUE
Peru,2021-06-23,Sinopharm/Beijing,10155,1072953,TRUE
Peru,2021-06-24,Oxford/AstraZeneca,8671,562461,TRUE
Peru,2021-06-24,Pfizer/BioNTech,65641,5525978,TRUE
Peru,2021-06-24,Sinopharm/Beijing,11995,1084948,TRUE
Peru,2021-06-25,Oxford/AstraZeneca,7675,570136,TRUE
Peru,2021-06-25,Pfizer/BioNTech,110480,5636458,TRUE
Peru,2021-06-25,Sinopharm/Beijing,9406,1094354,TRUE
Peru,2021-06-26,Oxford/AstraZeneca,4032,574168,TRUE
Peru,2021-06-26,Pfizer/BioNTech,72903,5709361,TRUE
Peru,2021-06-26,Sinopharm/Beijing,5472,1099826,TRUE
Peru,2021-06-27,Oxford/AstraZeneca,2892,577060,TRUE
Peru,2021-06-27,Pfizer/BioNTech,46299,5755660,TRUE
Peru,2021-06-27,Sinopharm/Beijing,2152,1101978,TRUE
Peru,2021-06-28,Oxford/AstraZeneca,6559,583619,TRUE
Peru,2021-06-28,Pfizer/BioNTech,41676,5797336,TRUE
Peru,2021-06-28,Sinopharm/Beijing,8272,1110250,TRUE
Peru,2021-06-29,Oxford/AstraZeneca,6362,589981,TRUE
Peru,2021-06-29,Pfizer/BioNTech,91372,5888708,TRUE
Peru,2021-06-29,Sinopharm/Beijing,3225,1113475,TRUE
Peru,2021-06-30,Oxford/AstraZeneca,6163,596144,TRUE
Peru,2021-06-30,Pfizer/BioNTech,172474,6061182,TRUE
Peru,2021-06-30,Sinopharm/Beijing,3929,1117404,TRUE
Peru,2021-07-01,Oxford/AstraZeneca,3728,599872,TRUE
Peru,2021-07-01,Pfizer/BioNTech,194028,6255210,TRUE
Peru,2021-07-01,Sinopharm/Beijing,3858,1121262,TRUE
Peru,2021-07-02,Oxford/AstraZeneca,3278,603150,TRUE
Peru,2021-07-02,Pfizer/BioNTech,197261,6452471,TRUE
Peru,2021-07-02,Sinopharm/Beijing,7262,1128524,TRUE
Peru,2021-07-03,Oxford/AstraZeneca,3723,606873,TRUE
Peru,2021-07-03,Pfizer/BioNTech,187608,6640079,TRUE
Peru,2021-07-03,Sinopharm/Beijing,6281,1134805,TRUE
Peru,2021-07-04,Oxford/AstraZeneca,1451,608324,TRUE
Peru,2021-07-04,Pfizer/BioNTech,130566,6770645,TRUE
Peru,2021-07-04,Sinopharm/Beijing,3359,1138164,TRUE
Peru,2021-07-05,Oxford/AstraZeneca,3214,611538,TRUE
Peru,2021-07-05,Pfizer/BioNTech,175050,6945695,TRUE
Peru,2021-07-05,Sinopharm/Beijing,9896,1148060,TRUE
Peru,2021-07-06,Oxford/AstraZeneca,3996,615534,TRUE
Peru,2021-07-06,Pfizer/BioNTech,167448,7113143,TRUE
Peru,2021-07-06,Sinopharm/Beijing,42447,1190507,TRUE
Peru,2021-07-07,Oxford/AstraZeneca,6710,622244,TRUE
Peru,2021-07-07,Pfizer/BioNTech,136153,7249296,TRUE
Peru,2021-07-07,Sinopharm/Beijing,29295,1219802,TRUE
Peru,2021-07-08,Oxford/AstraZeneca,10761,633005,TRUE
Peru,2021-07-08,Pfizer/BioNTech,131749,7381045,TRUE
Peru,2021-07-08,Sinopharm/Beijing,16806,1236608,TRUE
Peru,2021-07-09,Oxford/AstraZeneca,9383,642388,TRUE
Peru,2021-07-09,Pfizer/BioNTech,135891,7516936,TRUE
Peru,2021-07-09,Sinopharm/Beijing,18956,1255564,TRUE
Peru,2021-07-10,Oxford/AstraZeneca,8021,650409,TRUE
Peru,2021-07-10,Pfizer/BioNTech,237932,7754868,TRUE
Peru,2021-07-10,Sinopharm/Beijing,22562,1278126,TRUE
Peru,2021-07-11,Oxford/AstraZeneca,4003,654412,TRUE
Peru,2021-07-11,Pfizer/BioNTech,173019,7927887,TRUE
Peru,2021-07-11,Sinopharm/Beijing,3741,1281867,TRUE
Peru,2021-07-12,Oxford/AstraZeneca,10257,664669,TRUE
Peru,2021-07-12,Pfizer/BioNTech,84140,8012027,TRUE
Peru,2021-07-12,Sinopharm/Beijing,13230,1295097,TRUE
Peru,2021-07-13,Oxford/AstraZeneca,10926,675595,TRUE
Peru,2021-07-13,Pfizer/BioNTech,84700,8096727,TRUE
Peru,2021-07-13,Sinopharm/Beijing,16734,1311831,TRUE
Peru,2021-07-14,Oxford/AstraZeneca,11365,686960,TRUE
Peru,2021-07-14,Pfizer/BioNTech,110718,8207445,TRUE
Peru,2021-07-14,Sinopharm/Beijing,27629,1339460,TRUE
Peru,2021-07-15,Oxford/AstraZeneca,9106,696066,TRUE
Peru,2021-07-15,Pfizer/BioNTech,158732,8366177,TRUE
Peru,2021-07-15,Sinopharm/Beijing,32630,1372090,TRUE
Peru,2021-07-16,Oxford/AstraZeneca,6790,702856,TRUE
Peru,2021-07-16,Pfizer/BioNTech,159395,8525572,TRUE
Peru,2021-07-16,Sinopharm/Beijing,63007,1435097,TRUE
Peru,2021-07-17,Oxford/AstraZeneca,4760,707616,TRUE
Peru,2021-07-17,Pfizer/BioNTech,227673,8753245,TRUE
Peru,2021-07-17,Sinopharm/Beijing,76694,1511791,TRUE
Peru,2021-07-18,Oxford/AstraZeneca,2278,709894,TRUE
Peru,2021-07-18,Pfizer/BioNTech,129958,8883203,TRUE
Peru,2021-07-18,Sinopharm/Beijing,46468,1558259,TRUE
Peru,2021-07-19,Oxford/AstraZeneca,4095,713989,TRUE
Peru,2021-07-19,Pfizer/BioNTech,66214,8949417,TRUE
Peru,2021-07-19,Sinopharm/Beijing,28273,1586532,TRUE
Peru,2021-07-20,Oxford/AstraZeneca,3694,717683,TRUE
Peru,2021-07-20,Pfizer/BioNTech,57232,9006649,TRUE
Peru,2021-07-20,Sinopharm/Beijing,42571,1629103,TRUE
Peru,2021-07-21,Oxford/AstraZeneca,3290,720973,TRUE
Peru,2021-07-21,Pfizer/BioNTech,102577,9109226,TRUE
Peru,2021-07-21,Sinopharm/Beijing,53672,1682775,TRUE
Peru,2021-07-22,Oxford/AstraZeneca,3979,724952,TRUE
Peru,2021-07-22,Pfizer/BioNTech,122559,9231785,TRUE
Peru,2021-07-22,Sinopharm/Beijing,67713,1750488,TRUE
Peru,2021-07-23,Oxford/AstraZeneca,3889,728841,TRUE
Peru,2021-07-23,Pfizer/BioNTech,151422,9383207,TRUE
Peru,2021-07-23,Sinopharm/Beijing,92887,1843375,TRUE
Peru,2021-07-24,Oxford/AstraZeneca,2937,731778,TRUE
Peru,2021-07-24,Pfizer/BioNTech,288126,9671333,TRUE
Peru,2021-07-24,Sinopharm/Beijing,96730,1940105,TRUE
Peru,2021-07-25,Oxford/AstraZeneca,1739,733517,TRUE
Peru,2021-07-25,Pfizer/BioNTech,259562,9930895,TRUE
Peru,2021-07-25,Sinopharm/Beijing,46619,1986724,TRUE
Peru,2021-07-26,Oxford/AstraZeneca,2632,736149,TRUE
Peru,2021-07-26,Pfizer/BioNTech,28572,9959467,TRUE
Peru,2021-07-26,Sinopharm/Beijing,46872,2033596,TRUE
Peru,2021-07-27,Oxford/AstraZeneca,3018,739167,TRUE
Peru,2021-07-27,Pfizer/BioNTech,201566,10161033,TRUE
Peru,2021-07-27,Sinopharm/Beijing,50100,2083696,TRUE
Peru,2021-07-28,Oxford/AstraZeneca,1874,741041,TRUE
Peru,2021-07-28,Pfizer/BioNTech,99729,10260762,TRUE
Peru,2021-07-28,Sinopharm/Beijing,14286,2097982,TRUE
Peru,2021-07-29,Oxford/AstraZeneca,1910,742951,TRUE
Peru,2021-07-29,Pfizer/BioNTech,50383,10311145,TRUE
Peru,2021-07-29,Sinopharm/Beijing,12838,2110820,TRUE
Peru,2021-07-30,Oxford/AstraZeneca,2624,745575,TRUE
Peru,2021-07-30,Pfizer/BioNTech,126560,10437705,TRUE
Peru,2021-07-30,Sinopharm/Beijing,36744,2147564,TRUE
Peru,2021-07-31,Oxford/AstraZeneca,1953,747528,TRUE
Peru,2021-07-31,Pfizer/BioNTech,231895,10669600,TRUE
Peru,2021-07-31,Sinopharm/Beijing,41908,2189472,TRUE
Peru,2021-08-01,Oxford/AstraZeneca,851,748379,TRUE
Peru,2021-08-01,Pfizer/BioNTech,190374,10859974,TRUE
Peru,2021-08-01,Sinopharm/Beijing,17801,2207273,TRUE
Peru,2021-08-02,Oxford/AstraZeneca,1970,750349,TRUE
Peru,2021-08-02,Pfizer/BioNTech,124237,10984211,TRUE
Peru,2021-08-02,Sinopharm/Beijing,22797,2230070,TRUE
Peru,2021-08-03,Oxford/AstraZeneca,2457,752806,TRUE
Peru,2021-08-03,Pfizer/BioNTech,103172,11087383,TRUE
Peru,2021-08-03,Sinopharm/Beijing,34209,2264279,TRUE
Peru,2021-08-04,Oxford/AstraZeneca,2145,754951,TRUE
Peru,2021-08-04,Pfizer/BioNTech,109422,11196805,TRUE
Peru,2021-08-04,Sinopharm/Beijing,49807,2314086,TRUE
Peru,2021-08-05,Oxford/AstraZeneca,2631,757582,TRUE
Peru,2021-08-05,Pfizer/BioNTech,108708,11305513,TRUE
Peru,2021-08-05,Sinopharm/Beijing,60680,2374766,TRUE
Peru,2021-08-06,Oxford/AstraZeneca,2479,760061,TRUE
Peru,2021-08-06,Pfizer/BioNTech,110785,11416298,TRUE
Peru,2021-08-06,Sinopharm/Beijing,171475,2546241,TRUE
Peru,2021-08-07,Oxford/AstraZeneca,3302,763363,TRUE
Peru,2021-08-07,Pfizer/BioNTech,173847,11590145,TRUE
Peru,2021-08-07,Sinopharm/Beijing,319336,2865577,TRUE
Peru,2021-08-08,Oxford/AstraZeneca,2541,765904,TRUE
Peru,2021-08-08,Pfizer/BioNTech,158709,11748854,TRUE
Peru,2021-08-08,Sinopharm/Beijing,200785,3066362,TRUE
Peru,2021-08-09,Oxford/AstraZeneca,2795,768699,TRUE
Peru,2021-08-09,Pfizer/BioNTech,45267,11794121,TRUE
Peru,2021-08-09,Sinopharm/Beijing,58240,3124602,TRUE
Peru,2021-08-10,Oxford/AstraZeneca,7344,776043,TRUE
Peru,2021-08-10,Pfizer/BioNTech,49016,11843137,TRUE
Peru,2021-08-10,Sinopharm/Beijing,67761,3192363,TRUE
Peru,2021-08-11,Oxford/AstraZeneca,5858,781901,TRUE
Peru,2021-08-11,Pfizer/BioNTech,57358,11900495,TRUE
Peru,2021-08-11,Sinopharm/Beijing,56481,3248844,TRUE
Peru,2021-08-12,Oxford/AstraZeneca,5048,786949,TRUE
Peru,2021-08-12,Pfizer/BioNTech,51473,11951968,TRUE
Peru,2021-08-12,Sinopharm/Beijing,61184,3310028,TRUE
Peru,2021-08-13,Oxford/AstraZeneca,5176,792125,TRUE
Peru,2021-08-13,Pfizer/BioNTech,42283,11994251,TRUE
Peru,2021-08-13,Sinopharm/Beijing,70180,3380208,TRUE
Peru,2021-08-14,Oxford/AstraZeneca,4501,796626,TRUE
Peru,2021-08-14,Pfizer/BioNTech,156736,12150987,TRUE
Peru,2021-08-14,Sinopharm/Beijing,73042,3453250,TRUE
Peru,2021-08-15,Oxford/AstraZeneca,1662,798288,TRUE
Peru,2021-08-15,Pfizer/BioNTech,155263,12306250,TRUE
Peru,2021-08-15,Sinopharm/Beijing,39784,3493034,TRUE
Peru,2021-08-16,Oxford/AstraZeneca,4902,803190,TRUE
Peru,2021-08-16,Pfizer/BioNTech,32816,12339066,TRUE
Peru,2021-08-16,Sinopharm/Beijing,42467,3535501,TRUE
Peru,2021-08-17,Oxford/AstraZeneca,6239,809429,TRUE
Peru,2021-08-17,Pfizer/BioNTech,24601,12363667,TRUE
Peru,2021-08-17,Sinopharm/Beijing,70068,3605569,TRUE
Peru,2021-08-18,Oxford/AstraZeneca,7045,816474,TRUE
Peru,2021-08-18,Pfizer/BioNTech,18964,12382631,TRUE
Peru,2021-08-18,Sinopharm/Beijing,63417,3668986,TRUE
Peru,2021-08-19,Oxford/AstraZeneca,5295,821769,TRUE
Peru,2021-08-19,Pfizer/BioNTech,20661,12403292,TRUE
Peru,2021-08-19,Sinopharm/Beijing,76064,3745050,TRUE
Peru,2021-08-20,Oxford/AstraZeneca,7625,829394,TRUE
Peru,2021-08-20,Pfizer/BioNTech,35839,12439131,TRUE
Peru,2021-08-20,Sinopharm/Beijing,107439,3852489,TRUE
Peru,2021-08-21,Oxford/AstraZeneca,8815,838209,TRUE
Peru,2021-08-21,Pfizer/BioNTech,121378,12560509,TRUE
Peru,2021-08-21,Sinopharm/Beijing,186469,4038958,TRUE
Peru,2021-08-22,Oxford/AstraZeneca,9705,847914,TRUE
Peru,2021-08-22,Pfizer/BioNTech,82549,12643058,TRUE
Peru,2021-08-22,Sinopharm/Beijing,139333,4178291,TRUE
Peru,2021-08-23,Oxford/AstraZeneca,7970,855884,TRUE
Peru,2021-08-23,Pfizer/BioNTech,33807,12676865,TRUE
Peru,2021-08-23,Sinopharm/Beijing,39109,4217400,TRUE
Peru,2021-08-24,Oxford/AstraZeneca,8420,864304,TRUE
Peru,2021-08-24,Pfizer/BioNTech,21843,12698708,TRUE
Peru,2021-08-24,Sinopharm/Beijing,46843,4264243,TRUE
Peru,2021-08-25,Oxford/AstraZeneca,4281,868585,TRUE
Peru,2021-08-25,Pfizer/BioNTech,31453,12730161,TRUE
Peru,2021-08-25,Sinopharm/Beijing,55516,4319759,TRUE
Peru,2021-08-26,Oxford/AstraZeneca,2989,871574,TRUE
Peru,2021-08-26,Pfizer/BioNTech,27114,12757275,TRUE
Peru,2021-08-26,Sinopharm/Beijing,76467,4396226,TRUE
Peru,2021-08-27,Oxford/AstraZeneca,2600,874174,TRUE
Peru,2021-08-27,Pfizer/BioNTech,61860,12819135,TRUE
Peru,2021-08-27,Sinopharm/Beijing,108701,4504927,TRUE
Peru,2021-08-28,Oxford/AstraZeneca,3616,877790,TRUE
Peru,2021-08-28,Pfizer/BioNTech,132333,12951468,TRUE
Peru,2021-08-28,Sinopharm/Beijing,326231,4831158,TRUE
Peru,2021-08-29,Oxford/AstraZeneca,2144,879934,TRUE
Peru,2021-08-29,Pfizer/BioNTech,113058,13064526,TRUE
Peru,2021-08-29,Sinopharm/Beijing,291928,5123086,TRUE
Peru,2021-08-30,Oxford/AstraZeneca,2426,882360,TRUE
Peru,2021-08-30,Pfizer/BioNTech,4759,13069285,TRUE
Peru,2021-08-30,Sinopharm/Beijing,10695,5133781,TRUE
Peru,2021-08-31,Oxford/AstraZeneca,3109,885469,TRUE
Peru,2021-08-31,Pfizer/BioNTech,24351,13093636,TRUE
Peru,2021-08-31,Sinopharm/Beijing,92178,5225959,TRUE
Peru,2021-09-01,Oxford/AstraZeneca,2163,887632,TRUE
Peru,2021-09-01,Pfizer/BioNTech,28991,13122627,TRUE
Peru,2021-09-01,Sinopharm/Beijing,114242,5340201,TRUE
Peru,2021-09-02,Oxford/AstraZeneca,1814,889446,TRUE
Peru,2021-09-02,Pfizer/BioNTech,54377,13177004,TRUE
Peru,2021-09-02,Sinopharm/Beijing,128126,5468327,TRUE
Peru,2021-09-03,Oxford/AstraZeneca,1477,890923,TRUE
Peru,2021-09-03,Pfizer/BioNTech,75044,13252048,TRUE
Peru,2021-09-03,Sinopharm/Beijing,137305,5605632,TRUE
Peru,2021-09-04,Oxford/AstraZeneca,1487,892410,TRUE
Peru,2021-09-04,Pfizer/BioNTech,90877,13342925,TRUE
Peru,2021-09-04,Sinopharm/Beijing,272031,5877663,TRUE
Peru,2021-09-05,Oxford/AstraZeneca,1519,893929,TRUE
Peru,2021-09-05,Pfizer/BioNTech,45897,13388822,TRUE
Peru,2021-09-05,Sinopharm/Beijing,223244,6100907,TRUE
Peru,2021-09-06,Oxford/AstraZeneca,1649,895578,TRUE
Peru,2021-09-06,Pfizer/BioNTech,32471,13421293,TRUE
Peru,2021-09-06,Sinopharm/Beijing,106852,6207759,TRUE
Peru,2021-09-07,Oxford/AstraZeneca,6399,901977,TRUE
Peru,2021-09-07,Pfizer/BioNTech,46510,13467803,TRUE
Peru,2021-09-07,Sinopharm/Beijing,159954,6367713,TRUE
Peru,2021-09-08,Oxford/AstraZeneca,6737,908714,TRUE
Peru,2021-09-08,Pfizer/BioNTech,91331,13559134,TRUE
Peru,2021-09-08,Sinopharm/Beijing,254759,6622472,TRUE
Peru,2021-09-09,Oxford/AstraZeneca,2002,910716,TRUE
Peru,2021-09-09,Pfizer/BioNTech,116488,13675622,TRUE
Peru,2021-09-09,Sinopharm/Beijing,230361,6852833,TRUE
Peru,2021-09-10,Oxford/AstraZeneca,3199,913915,TRUE
Peru,2021-09-10,Pfizer/BioNTech,146096,13821718,TRUE
Peru,2021-09-10,Sinopharm/Beijing,264027,7116860,TRUE
Peru,2021-09-11,Oxford/AstraZeneca,2739,916654,TRUE
Peru,2021-09-11,Pfizer/BioNTech,244473,14066191,TRUE
Peru,2021-09-11,Sinopharm/Beijing,354803,7471663,TRUE
Peru,2021-09-12,Oxford/AstraZeneca,2204,918858,TRUE
Peru,2021-09-12,Pfizer/BioNTech,185524,14251715,TRUE
Peru,2021-09-12,Sinopharm/Beijing,302567,7774230,TRUE
Peru,2021-09-13,Oxford/AstraZeneca,1270,920128,TRUE
Peru,2021-09-13,Pfizer/BioNTech,68511,14320226,TRUE
Peru,2021-09-13,Sinopharm/Beijing,140166,7914396,TRUE
Peru,2021-09-14,Oxford/AstraZeneca,1082,921210,TRUE
Peru,2021-09-14,Pfizer/BioNTech,136325,14456551,TRUE
Peru,2021-09-14,Sinopharm/Beijing,164123,8078519,TRUE
Peru,2021-09-15,Oxford/AstraZeneca,1903,923113,TRUE
Peru,2021-09-15,Pfizer/BioNTech,70405,14526956,TRUE
Peru,2021-09-15,Sinopharm/Beijing,180619,8259138,TRUE
Peru,2021-09-16,Oxford/AstraZeneca,10338,933451,TRUE
Peru,2021-09-16,Pfizer/BioNTech,112367,14639323,TRUE
Peru,2021-09-16,Sinopharm/Beijing,214309,8473447,TRUE
Peru,2021-09-17,Oxford/AstraZeneca,14321,947772,TRUE
Peru,2021-09-17,Pfizer/BioNTech,96112,14735435,TRUE
Peru,2021-09-17,Sinopharm/Beijing,196546,8669993,TRUE
Peru,2021-09-18,Oxford/AstraZeneca,14559,962331,TRUE
Peru,2021-09-18,Pfizer/BioNTech,117230,14852665,TRUE
Peru,2021-09-18,Sinopharm/Beijing,358402,9028395,TRUE
Peru,2021-09-19,Oxford/AstraZeneca,10357,972688,TRUE
Peru,2021-09-19,Pfizer/BioNTech,75332,14927997,TRUE
Peru,2021-09-19,Sinopharm/Beijing,217882,9246277,TRUE
Peru,2021-09-20,Oxford/AstraZeneca,13782,986470,TRUE
Peru,2021-09-20,Pfizer/BioNTech,25566,14953563,TRUE
Peru,2021-09-20,Sinopharm/Beijing,91803,9338080,TRUE
Peru,2021-09-21,Oxford/AstraZeneca,18061,1004531,TRUE
Peru,2021-09-21,Pfizer/BioNTech,43500,14997063,TRUE
Peru,2021-09-21,Sinopharm/Beijing,138819,9476899,TRUE
Peru,2021-09-22,Oxford/AstraZeneca,17910,1022441,TRUE
Peru,2021-09-22,Pfizer/BioNTech,29199,15026262,TRUE
Peru,2021-09-22,Sinopharm/Beijing,127093,9603992,TRUE
Peru,2021-09-23,Oxford/AstraZeneca,14845,1037286,TRUE
Peru,2021-09-23,Pfizer/BioNTech,27168,15053430,TRUE
Peru,2021-09-23,Sinopharm/Beijing,126916,9730908,TRUE
Peru,2021-09-24,Oxford/AstraZeneca,14913,1052199,TRUE
Peru,2021-09-24,Pfizer/BioNTech,53938,15107368,TRUE
Peru,2021-09-24,Sinopharm/Beijing,127421,9858329,TRUE
Peru,2021-09-25,Oxford/AstraZeneca,24983,1077182,TRUE
Peru,2021-09-25,Pfizer/BioNTech,117227,15224595,TRUE
Peru,2021-09-25,Sinopharm/Beijing,268562,10126891,TRUE
Peru,2021-09-26,Oxford/AstraZeneca,18558,1095740,TRUE
Peru,2021-09-26,Pfizer/BioNTech,52006,15276601,TRUE
Peru,2021-09-26,Sinopharm/Beijing,256296,10383187,TRUE
Peru,2021-09-27,Oxford/AstraZeneca,19971,1115711,TRUE
Peru,2021-09-27,Pfizer/BioNTech,52367,15328968,TRUE
Peru,2021-09-27,Sinopharm/Beijing,133595,10516782,TRUE
Peru,2021-09-28,Oxford/AstraZeneca,13969,1129680,TRUE
Peru,2021-09-28,Pfizer/BioNTech,77068,15406036,TRUE
Peru,2021-09-28,Sinopharm/Beijing,147107,10663889,TRUE
Peru,2021-09-29,Oxford/AstraZeneca,17516,1147196,TRUE
Peru,2021-09-29,Pfizer/BioNTech,100505,15506541,TRUE
Peru,2021-09-29,Sinopharm/Beijing,192162,10856051,TRUE
Peru,2021-09-30,Oxford/AstraZeneca,10955,1158151,TRUE
Peru,2021-09-30,Pfizer/BioNTech,103948,15610489,TRUE
Peru,2021-09-30,Sinopharm/Beijing,198412,11054463,TRUE
Peru,2021-10-01,Oxford/AstraZeneca,12860,1171011,TRUE
Peru,2021-10-01,Pfizer/BioNTech,87087,15697576,TRUE
Peru,2021-10-01,Sinopharm/Beijing,186093,11240556,TRUE
Peru,2021-10-02,Oxford/AstraZeneca,27717,1198728,TRUE
Peru,2021-10-02,Pfizer/BioNTech,227188,15924764,TRUE
Peru,2021-10-02,Sinopharm/Beijing,318255,11558811,TRUE
Peru,2021-10-03,Oxford/AstraZeneca,21561,1220289,TRUE
Peru,2021-10-03,Pfizer/BioNTech,173915,16098679,TRUE
Peru,2021-10-03,Sinopharm/Beijing,286788,11845599,TRUE
Peru,2021-10-04,Oxford/AstraZeneca,16247,1236536,TRUE
Peru,2021-10-04,Pfizer/BioNTech,100561,16199240,TRUE
Peru,2021-10-04,Sinopharm/Beijing,147691,11993290,TRUE
Peru,2021-10-05,Oxford/AstraZeneca,11851,1248387,TRUE
Peru,2021-10-05,Pfizer/BioNTech,122637,16321877,TRUE
Peru,2021-10-05,Sinopharm/Beijing,160652,12153942,TRUE
Peru,2021-10-06,Oxford/AstraZeneca,15459,1263846,TRUE
Peru,2021-10-06,Pfizer/BioNTech,99319,16421196,TRUE
Peru,2021-10-06,Sinopharm/Beijing,165407,12319349,TRUE
Peru,2021-10-07,Oxford/AstraZeneca,11418,1275264,TRUE
Peru,2021-10-07,Pfizer/BioNTech,82198,16503394,TRUE
Peru,2021-10-07,Sinopharm/Beijing,176316,12495665,TRUE
Peru,2021-10-08,Oxford/AstraZeneca,8842,1284106,TRUE
Peru,2021-10-08,Pfizer/BioNTech,76356,16579750,TRUE
Peru,2021-10-08,Sinopharm/Beijing,124192,12619857,TRUE
Peru,2021-10-09,Oxford/AstraZeneca,12621,1296727,TRUE
Peru,2021-10-09,Pfizer/BioNTech,123925,16703675,TRUE
Peru,2021-10-09,Sinopharm/Beijing,238673,12858530,TRUE
Peru,2021-10-10,Oxford/AstraZeneca,7015,1303742,TRUE
Peru,2021-10-10,Pfizer/BioNTech,63894,16767569,TRUE
Peru,2021-10-10,Sinopharm/Beijing,170104,13028634,TRUE
Peru,2021-10-11,Oxford/AstraZeneca,10768,1314510,TRUE
Peru,2021-10-11,Pfizer/BioNTech,39386,16806955,TRUE
Peru,2021-10-11,Sinopharm/Beijing,129101,13157735,TRUE
Peru,2021-10-12,Oxford/AstraZeneca,48654,1363164,TRUE
Peru,2021-10-12,Pfizer/BioNTech,50919,16857874,TRUE
Peru,2021-10-12,Sinopharm/Beijing,140857,13298592,TRUE
Peru,2021-10-13,Oxford/AstraZeneca,46077,1409241,TRUE
Peru,2021-10-13,Pfizer/BioNTech,45019,16902893,TRUE
Peru,2021-10-13,Sinopharm/Beijing,136407,13434999,TRUE
Peru,2021-10-14,Oxford/AstraZeneca,64649,1473890,TRUE
Peru,2021-10-14,Pfizer/BioNTech,59778,16962671,TRUE
Peru,2021-10-14,Sinopharm/Beijing,100588,13535587,TRUE
Peru,2021-10-15,Oxford/AstraZeneca,67872,1541762,TRUE
Peru,2021-10-15,Pfizer/BioNTech,68901,17031572,TRUE
Peru,2021-10-15,Sinopharm/Beijing,104598,13640185,TRUE
Peru,2021-10-16,Oxford/AstraZeneca,111690,1653452,TRUE
Peru,2021-10-16,Pfizer/BioNTech,95327,17126899,TRUE
Peru,2021-10-16,Sinopharm/Beijing,141249,13781434,TRUE
Peru,2021-10-17,Oxford/AstraZeneca,83254,1736706,TRUE
Peru,2021-10-17,Pfizer/BioNTech,85986,17212885,TRUE
Peru,2021-10-17,Sinopharm/Beijing,118991,13900425,TRUE
Peru,2021-10-18,Oxford/AstraZeneca,39463,1776169,TRUE
Peru,2021-10-18,Pfizer/BioNTech,90701,17303586,TRUE
Peru,2021-10-18,Sinopharm/Beijing,75217,13975642,TRUE
Peru,2021-10-19,Oxford/AstraZeneca,33838,1810007,TRUE
Peru,2021-10-19,Pfizer/BioNTech,89672,17393258,TRUE
Peru,2021-10-19,Sinopharm/Beijing,81187,14056829,TRUE
Peru,2021-10-20,Oxford/AstraZeneca,34808,1844815,TRUE
Peru,2021-10-20,Pfizer/BioNTech,75652,17468910,TRUE
Peru,2021-10-20,Sinopharm/Beijing,70204,14127033,TRUE
Peru,2021-10-21,Oxford/AstraZeneca,34538,1879353,TRUE
Peru,2021-10-21,Pfizer/BioNTech,63702,17532612,TRUE
Peru,2021-10-21,Sinopharm/Beijing,68298,14195331,TRUE
Peru,2021-10-22,Oxford/AstraZeneca,27897,1907250,TRUE
Peru,2021-10-22,Pfizer/BioNTech,58135,17590747,TRUE
Peru,2021-10-22,Sinopharm/Beijing,65384,14260715,TRUE
Peru,2021-10-23,Oxford/AstraZeneca,62128,1969378,TRUE
Peru,2021-10-23,Pfizer/BioNTech,84694,17675441,TRUE
Peru,2021-10-23,Sinopharm/Beijing,112008,14372723,TRUE
Peru,2021-10-24,Oxford/AstraZeneca,39763,2009141,TRUE
Peru,2021-10-24,Pfizer/BioNTech,61103,17736544,TRUE
Peru,2021-10-24,Sinopharm/Beijing,101000,14473723,TRUE
Peru,2021-10-25,Oxford/AstraZeneca,22451,2031592,TRUE
Peru,2021-10-25,Pfizer/BioNTech,42368,17778912,TRUE
Peru,2021-10-25,Sinopharm/Beijing,57968,14531691,TRUE
Peru,2021-10-26,Oxford/AstraZeneca,24272,2055864,TRUE
Peru,2021-10-26,Pfizer/BioNTech,37251,17816163,TRUE
Peru,2021-10-26,Sinopharm/Beijing,55979,14587670,TRUE
Peru,2021-10-27,Oxford/AstraZeneca,24606,2080470,TRUE
Peru,2021-10-27,Pfizer/BioNTech,34470,17850633,TRUE
Peru,2021-10-27,Sinopharm/Beijing,54034,14641704,TRUE
Peru,2021-10-28,Oxford/AstraZeneca,35107,2115577,TRUE
Peru,2021-10-28,Pfizer/BioNTech,38878,17889511,TRUE
Peru,2021-10-28,Sinopharm/Beijing,53216,14694920,TRUE
Peru,2021-10-29,Oxford/AstraZeneca,38325,2153902,TRUE
Peru,2021-10-29,Pfizer/BioNTech,46006,17935517,TRUE
Peru,2021-10-29,Sinopharm/Beijing,43974,14738894,TRUE
Peru,2021-10-30,Oxford/AstraZeneca,39085,2192987,TRUE
Peru,2021-10-30,Pfizer/BioNTech,214396,18149913,TRUE
Peru,2021-10-30,Sinopharm/Beijing,53802,14792696,TRUE
Peru,2021-10-31,Oxford/AstraZeneca,32875,2225862,TRUE
Peru,2021-10-31,Pfizer/BioNTech,178415,18328328,TRUE
Peru,2021-10-31,Sinopharm/Beijing,43203,14835899,TRUE
Peru,2021-11-01,Oxford/AstraZeneca,9942,2235804,TRUE
Peru,2021-11-01,Pfizer/BioNTech,72186,18400514,TRUE
Peru,2021-11-01,Sinopharm/Beijing,19792,14855691,TRUE
Peru,2021-11-02,Oxford/AstraZeneca,13214,2249018,TRUE
Peru,2021-11-02,Pfizer/BioNTech,91830,18492344,TRUE
Peru,2021-11-02,Sinopharm/Beijing,29198,14884889,TRUE
Peru,2021-11-03,Oxford/AstraZeneca,20559,2269577,TRUE
Peru,2021-11-03,Pfizer/BioNTech,111299,18603643,TRUE
Peru,2021-11-03,Sinopharm/Beijing,36143,14921032,TRUE
Peru,2021-11-04,Oxford/AstraZeneca,30226,2299803,TRUE
Peru,2021-11-04,Pfizer/BioNTech,173122,18776765,TRUE
Peru,2021-11-04,Sinopharm/Beijing,38223,14959255,TRUE
Peru,2021-11-05,Oxford/AstraZeneca,28247,2328050,TRUE
Peru,2021-11-05,Pfizer/BioNTech,220999,18997764,TRUE
Peru,2021-11-05,Sinopharm/Beijing,43334,15002589,TRUE
Peru,2021-11-06,Oxford/AstraZeneca,40774,2368824,TRUE
Peru,2021-11-06,Pfizer/BioNTech,299043,19296807,TRUE
Peru,2021-11-06,Sinopharm/Beijing,84041,15086630,TRUE
Peru,2021-11-07,Oxford/AstraZeneca,32590,2401414,TRUE
Peru,2021-11-07,Pfizer/BioNTech,204687,19501494,TRUE
Peru,2021-11-07,Sinopharm/Beijing,75508,15162138,TRUE
Peru,2021-11-08,Oxford/AstraZeneca,26990,2428404,TRUE
Peru,2021-11-08,Pfizer/BioNTech,120636,19622130,TRUE
Peru,2021-11-08,Sinopharm/Beijing,55650,15217788,TRUE
Peru,2021-11-09,Oxford/AstraZeneca,44251,2472655,TRUE
Peru,2021-11-09,Pfizer/BioNTech,131933,19754063,TRUE
Peru,2021-11-09,Sinopharm/Beijing,42710,15260498,TRUE
Peru,2021-11-10,Oxford/AstraZeneca,46959,2519614,TRUE
Peru,2021-11-10,Pfizer/BioNTech,117451,19871514,TRUE
Peru,2021-11-10,Sinopharm/Beijing,43007,15303505,TRUE
Peru,2021-11-11,Oxford/AstraZeneca,50580,2570194,TRUE
Peru,2021-11-11,Pfizer/BioNTech,102283,19973797,TRUE
Peru,2021-11-11,Sinopharm/Beijing,39502,15343007,TRUE
Peru,2021-11-12,Oxford/AstraZeneca,48730,2618924,TRUE
Peru,2021-11-12,Pfizer/BioNTech,81213,20055010,TRUE
Peru,2021-11-12,Sinopharm/Beijing,38023,15381030,TRUE
Peru,2021-11-13,Oxford/AstraZeneca,75879,2694803,TRUE
Peru,2021-11-13,Pfizer/BioNTech,111049,20166059,TRUE
Peru,2021-11-13,Sinopharm/Beijing,55210,15436240,TRUE
Peru,2021-11-14,Oxford/AstraZeneca,66521,2761324,TRUE
Peru,2021-11-14,Pfizer/BioNTech,91270,20257329,TRUE
Peru,2021-11-14,Sinopharm/Beijing,57085,15493325,TRUE
Peru,2021-11-15,Oxford/AstraZeneca,50057,2811381,TRUE
Peru,2021-11-15,Pfizer/BioNTech,70265,20327594,TRUE
Peru,2021-11-15,Sinopharm/Beijing,47384,15540709,TRUE
Peru,2021-11-16,Oxford/AstraZeneca,51504,2862885,TRUE
Peru,2021-11-16,Pfizer/BioNTech,74191,20401785,TRUE
Peru,2021-11-16,Sinopharm/Beijing,62475,15603184,TRUE
Peru,2021-11-17,Oxford/AstraZeneca,54684,2917569,TRUE
Peru,2021-11-17,Pfizer/BioNTech,69415,20471200,TRUE
Peru,2021-11-17,Sinopharm/Beijing,59656,15662840,TRUE
Peru,2021-11-18,Oxford/AstraZeneca,47729,2965298,TRUE
Peru,2021-11-18,Pfizer/BioNTech,69713,20540913,TRUE
Peru,2021-11-18,Sinopharm/Beijing,62394,15725234,TRUE
Peru,2021-11-19,Oxford/AstraZeneca,42523,3007821,TRUE
Peru,2021-11-19,Pfizer/BioNTech,67664,20608577,TRUE
Peru,2021-11-19,Sinopharm/Beijing,67107,15792341,TRUE
Peru,2021-11-20,Oxford/AstraZeneca,64472,3072293,TRUE
Peru,2021-11-20,Pfizer/BioNTech,148373,20756950,TRUE
Peru,2021-11-20,Sinopharm/Beijing,89209,15881550,TRUE
Peru,2021-11-21,Oxford/AstraZeneca,50410,3122703,TRUE
Peru,2021-11-21,Pfizer/BioNTech,160402,20917352,TRUE
Peru,2021-11-21,Sinopharm/Beijing,78451,15960001,TRUE
Peru,2021-11-22,Oxford/AstraZeneca,28061,3150764,TRUE
Peru,2021-11-22,Pfizer/BioNTech,105387,21022739,TRUE
Peru,2021-11-22,Sinopharm/Beijing,55844,16015845,TRUE
Peru,2021-11-23,Oxford/AstraZeneca,28603,3179367,TRUE
Peru,2021-11-23,Pfizer/BioNTech,113493,21136232,TRUE
Peru,2021-11-23,Sinopharm/Beijing,57674,16073519,TRUE
Peru,2021-11-24,Oxford/AstraZeneca,25738,3205105,TRUE
Peru,2021-11-24,Pfizer/BioNTech,111874,21248106,TRUE
Peru,2021-11-24,Sinopharm/Beijing,54047,16127566,TRUE
Peru,2021-11-25,Oxford/AstraZeneca,25757,3230862,TRUE
Peru,2021-11-25,Pfizer/BioNTech,150910,21399016,TRUE
Peru,2021-11-25,Sinopharm/Beijing,51497,16179063,TRUE
Peru,2021-11-26,Oxford/AstraZeneca,23428,3254290,TRUE
Peru,2021-11-26,Pfizer/BioNTech,216273,21615289,TRUE
Peru,2021-11-26,Sinopharm/Beijing,49479,16228542,TRUE
Peru,2021-11-27,Oxford/AstraZeneca,30195,3284485,TRUE
Peru,2021-11-27,Pfizer/BioNTech,336924,21952213,TRUE
Peru,2021-11-27,Sinopharm/Beijing,64513,16293055,TRUE
Peru,2021-11-28,Oxford/AstraZeneca,27768,3312253,TRUE
Peru,2021-11-28,Pfizer/BioNTech,263761,22215974,TRUE
Peru,2021-11-28,Sinopharm/Beijing,60245,16353300,TRUE
Peru,2021-11-29,Oxford/AstraZeneca,18351,3330604,TRUE
Peru,2021-11-29,Pfizer/BioNTech,206868,22422842,TRUE
Peru,2021-11-29,Sinopharm/Beijing,43830,16397130,TRUE
Peru,2021-11-30,Oxford/AstraZeneca,17725,3348329,TRUE
Peru,2021-11-30,Pfizer/BioNTech,200591,22623433,TRUE
Peru,2021-11-30,Sinopharm/Beijing,42625,16439755,TRUE
Peru,2021-12-01,Oxford/AstraZeneca,14979,3363308,TRUE
Peru,2021-12-01,Pfizer/BioNTech,191898,22815331,TRUE
Peru,2021-12-01,Sinopharm/Beijing,45653,16485408,TRUE
Peru,2021-12-02,Oxford/AstraZeneca,18168,3381476,TRUE
Peru,2021-12-02,Pfizer/BioNTech,197528,23012859,TRUE
Peru,2021-12-02,Sinopharm/Beijing,53668,16539076,TRUE
Peru,2021-12-03,Oxford/AstraZeneca,18949,3400425,TRUE
Peru,2021-12-03,Pfizer/BioNTech,188757,23201616,TRUE
Peru,2021-12-03,Sinopharm/Beijing,55902,16594978,TRUE
Peru,2021-12-04,Oxford/AstraZeneca,27048,3427473,TRUE
Peru,2021-12-04,Pfizer/BioNTech,219976,23421592,TRUE
Peru,2021-12-04,Sinopharm/Beijing,70598,16665576,TRUE
Peru,2021-12-05,Oxford/AstraZeneca,21891,3449364,TRUE
Peru,2021-12-05,Pfizer/BioNTech,161235,23582827,TRUE
Peru,2021-12-05,Sinopharm/Beijing,61961,16727537,TRUE
Peru,2021-12-06,Oxford/AstraZeneca,17792,3467156,TRUE
Peru,2021-12-06,Pfizer/BioNTech,145478,23728305,TRUE
Peru,2021-12-06,Sinopharm/Beijing,55317,16782854,TRUE
Peru,2021-12-07,Oxford/AstraZeneca,16339,3483495,TRUE
Peru,2021-12-07,Pfizer/BioNTech,145015,23873320,TRUE
Peru,2021-12-07,Sinopharm/Beijing,62429,16845283,TRUE
Peru,2021-12-08,Oxford/AstraZeneca,13859,3497354,TRUE
Peru,2021-12-08,Pfizer/BioNTech,99787,23973107,TRUE
Peru,2021-12-08,Sinopharm/Beijing,50197,16895480,TRUE
Peru,2021-12-09,Oxford/AstraZeneca,19804,3517158,TRUE
Peru,2021-12-09,Pfizer/BioNTech,148061,24121168,TRUE
Peru,2021-12-09,Sinopharm/Beijing,76266,16971746,TRUE
Peru,2021-12-10,Oxford/AstraZeneca,28973,3546131,TRUE
Peru,2021-12-10,Pfizer/BioNTech,175938,24297106,TRUE
Peru,2021-12-10,Sinopharm/Beijing,125784,17097530,TRUE
Peru,2021-12-11,Oxford/AstraZeneca,37768,3583899,TRUE
Peru,2021-12-11,Pfizer/BioNTech,199031,24496137,TRUE
Peru,2021-12-11,Sinopharm/Beijing,155655,17253185,TRUE
Peru,2021-12-12,Oxford/AstraZeneca,29945,3613844,TRUE
Peru,2021-12-12,Pfizer/BioNTech,155682,24651819,TRUE
Peru,2021-12-12,Sinopharm/Beijing,125442,17378627,TRUE
Peru,2021-12-13,Oxford/AstraZeneca,27969,3641813,TRUE
Peru,2021-12-13,Pfizer/BioNTech,147001,24798820,TRUE
Peru,2021-12-13,Sinopharm/Beijing,121642,17500269,TRUE
Peru,2021-12-14,Oxford/AstraZeneca,32461,3674274,TRUE
Peru,2021-12-14,Pfizer/BioNTech,152506,24951326,TRUE
Peru,2021-12-14,Sinopharm/Beijing,126328,17626597,TRUE
Peru,2021-12-15,Oxford/AstraZeneca,32421,3706695,TRUE
Peru,2021-12-15,Pfizer/BioNTech,137001,25088327,TRUE
Peru,2021-12-15,Sinopharm/Beijing,114209,17740806,TRUE
Peru,2021-12-16,Oxford/AstraZeneca,26446,3733141,TRUE
Peru,2021-12-16,Pfizer/BioNTech,115395,25203722,TRUE
Peru,2021-12-16,Sinopharm/Beijing,84756,17825562,TRUE
Peru,2021-12-17,Oxford/AstraZeneca,25358,3758499,TRUE
Peru,2021-12-17,Pfizer/BioNTech,115555,25319277,TRUE
Peru,2021-12-17,Sinopharm/Beijing,82951,17908513,TRUE
Peru,2021-12-18,Oxford/AstraZeneca,24102,3782601,TRUE
Peru,2021-12-18,Pfizer/BioNTech,113977,25433254,TRUE
Peru,2021-12-18,Sinopharm/Beijing,79129,17987642,TRUE
Peru,2021-12-19,Oxford/AstraZeneca,19028,3801629,TRUE
Peru,2021-12-19,Pfizer/BioNTech,91956,25525210,TRUE
Peru,2021-12-19,Sinopharm/Beijing,61247,18048889,TRUE
Peru,2021-12-20,Oxford/AstraZeneca,19230,3820859,TRUE
Peru,2021-12-20,Pfizer/BioNTech,170365,25695575,TRUE
Peru,2021-12-20,Sinopharm/Beijing,63683,18112572,TRUE
Peru,2021-12-21,Oxford/AstraZeneca,20198,3841057,TRUE
Peru,2021-12-21,Pfizer/BioNTech,282531,25978106,TRUE
Peru,2021-12-21,Sinopharm/Beijing,60046,18172618,TRUE
Peru,2021-12-22,Oxford/AstraZeneca,16765,3857822,TRUE
Peru,2021-12-22,Pfizer/BioNTech,251099,26229205,TRUE
Peru,2021-12-22,Sinopharm/Beijing,53105,18225723,TRUE
Peru,2021-12-23,Oxford/AstraZeneca,12775,3870597,TRUE
Peru,2021-12-23,Pfizer/BioNTech,170729,26399934,TRUE
Peru,2021-12-23,Sinopharm/Beijing,45528,18271251,TRUE
Peru,2021-12-24,Oxford/AstraZeneca,3662,3874259,TRUE
Peru,2021-12-24,Pfizer/BioNTech,53306,26453240,TRUE
Peru,2021-12-24,Sinopharm/Beijing,18625,18289876,TRUE
Peru,2021-12-25,Oxford/AstraZeneca,750,3875009,TRUE
Peru,2021-12-25,Pfizer/BioNTech,27202,26480442,TRUE
Peru,2021-12-25,Sinopharm/Beijing,4332,18294208,TRUE
Peru,2021-12-26,Oxford/AstraZeneca,5300,3880309,TRUE
Peru,2021-12-26,Pfizer/BioNTech,147222,26627664,TRUE
Peru,2021-12-26,Sinopharm/Beijing,27884,18322092,TRUE
Peru,2021-12-27,Oxford/AstraZeneca,12578,3892887,TRUE
Peru,2021-12-27,Pfizer/BioNTech,229378,26857042,TRUE
Peru,2021-12-27,Sinopharm/Beijing,55596,18377688,TRUE
Peru,2021-12-28,Oxford/AstraZeneca,13068,3905955,TRUE
Peru,2021-12-28,Pfizer/BioNTech,236501,27093543,TRUE
Peru,2021-12-28,Sinopharm/Beijing,56544,18434232,TRUE
Peru,2021-12-29,Oxford/AstraZeneca,12002,3917957,TRUE
Peru,2021-12-29,Pfizer/BioNTech,201200,27294743,TRUE
Peru,2021-12-29,Sinopharm/Beijing,48940,18483172,TRUE
Peru,2021-12-30,Oxford/AstraZeneca,9224,3927181,TRUE
Peru,2021-12-30,Pfizer/BioNTech,147085,27441828,TRUE
Peru,2021-12-30,Sinopharm/Beijing,43664,18526836,TRUE
Peru,2021-12-31,Oxford/AstraZeneca,2625,3929806,TRUE
Peru,2021-12-31,Pfizer/BioNTech,41258,27483086,TRUE
Peru,2021-12-31,Sinopharm/Beijing,18036,18544872,TRUE
Peru,2022-01-01,Oxford/AstraZeneca,236,3930042,TRUE
Peru,2022-01-01,Pfizer/BioNTech,14309,27497395,TRUE
Peru,2022-01-01,Sinopharm/Beijing,2417,18547289,TRUE
Peru,2022-01-02,Oxford/AstraZeneca,1623,3931665,TRUE
Peru,2022-01-02,Pfizer/BioNTech,82933,27580328,TRUE
Peru,2022-01-02,Sinopharm/Beijing,17517,18564806,TRUE
Peru,2022-01-03,Oxford/AstraZeneca,4166,3935831,TRUE
Peru,2022-01-03,Pfizer/BioNTech,152968,27733296,TRUE
Peru,2022-01-03,Sinopharm/Beijing,46492,18611298,TRUE
Peru,2022-01-04,Oxford/AstraZeneca,3810,3939641,TRUE
Peru,2022-01-04,Pfizer/BioNTech,145534,27878830,TRUE
Peru,2022-01-04,Sinopharm/Beijing,42662,18653960,TRUE
Peru,2022-01-05,Oxford/AstraZeneca,2103,3941744,TRUE
Peru,2022-01-05,Pfizer/BioNTech,105650,27984480,TRUE
Peru,2022-01-05,Sinopharm/Beijing,22613,18676573,TRUE
